Workbook

Sheet deliveries
A1: record_id | B1: month | C1: route_id | D1: hub | E1: promised_days | F1: actual_days
A2: 1 | B2: Jan | C2: R1 | D2: Mumbai | E2: 2 | F2: 2
A3: 2 | B3: Jan | C3: R2 | D3: Chennai | E3: 3 | F3: 4
A4: 3 | B4: Jan | C4: R3 | D4: Delhi | E4: 5 | F4: 8
A5: 4 | B5: Jan | C5: R4 | D5: Mumbai | E5: 6 | F5: 10
A6: 5 | B6: Feb | C6: R1 | D6: Chennai | E6: 2 | F6: 5
A7: 6 | B7: Feb | C7: R2 | D7: Delhi | E7: 3 | F7: 3
A8: 7 | B8: Feb | C8: R3 | D8: Delhi | E8: 5 | F8: 10
A9: 8 | B9: Feb | C9: R4 | D9: Chennai | E9: 6 | F9: 7
A10: 9 | B10: Mar | C10: R1 | D10: Delhi | E10: 2 | F10: 8
A11: 10 | B11: Mar | C11: R2 | D11: Mumbai | E11: 3 | F11: 5
A12: 11 | B12: Mar | C12: R3 | D12: Chennai | E12: 5 | F12: 5
A13: 12 | B13: Mar | C13: R4 | D13: Mumbai | E13: 6 | F13: 15
A14: 12 | B14: Mar | C14: R4 | D14: Mumbai | E14: 6 | F14: 15

Sheet routes
A1: route_id | B1: route | C1: service_type
A2: R1 | B2: Metro Link | C2: Express
A3: R2 | B3: City Dash | C3: Express
A4: R3 | B4: Highway Freight | C4: Standard
A5: R4 | B5: Rural Feeder | C5: Standard

Sheet Clean
A1: record_id | B1: month | C1: route_id | D1: hub | E1: promised_days | F1: actual_days | G1: service_type | H1: delay_days | I1: month_sort
A2: 1 | B2: Jan | C2: R1 | D2: Mumbai | E2: 2 | F2: 2 | G2: =INDEX(routes!$C$2:$C$5,MATCH(C2,routes!$A$2:$A$5,0)) -> Express | H2: =MAX(F2-E2,0) -> 0 | I2: 1
A3: 2 | B3: Jan | C3: R2 | D3: Chennai | E3: 3 | F3: 4 | G3: =INDEX(routes!$C$2:$C$5,MATCH(C3,routes!$A$2:$A$5,0)) -> Express | H3: =MAX(F3-E3,0) -> 1 | I3: 1
A4: 3 | B4: Jan | C4: R3 | D4: Delhi | E4: 5 | F4: 8 | G4: =INDEX(routes!$C$2:$C$5,MATCH(C4,routes!$A$2:$A$5,0)) -> Standard | H4: =MAX(F4-E4,0) -> 3 | I4: 1
A5: 4 | B5: Jan | C5: R4 | D5: Mumbai | E5: 6 | F5: 10 | G5: =INDEX(routes!$C$2:$C$5,MATCH(C5,routes!$A$2:$A$5,0)) -> Standard | H5: =MAX(F5-E5,0) -> 4 | I5: 1
A6: 5 | B6: Feb | C6: R1 | D6: Chennai | E6: 2 | F6: 5 | G6: =INDEX(routes!$C$2:$C$5,MATCH(C6,routes!$A$2:$A$5,0)) -> Express | H6: =MAX(F6-E6,0) -> 3 | I6: 2
A7: 6 | B7: Feb | C7: R2 | D7: Delhi | E7: 3 | F7: 3 | G7: =INDEX(routes!$C$2:$C$5,MATCH(C7,routes!$A$2:$A$5,0)) -> Express | H7: =MAX(F7-E7,0) -> 0 | I7: 2
A8: 7 | B8: Feb | C8: R3 | D8: Delhi | E8: 5 | F8: 10 | G8: =INDEX(routes!$C$2:$C$5,MATCH(C8,routes!$A$2:$A$5,0)) -> Standard | H8: =MAX(F8-E8,0) -> 5 | I8: 2
A9: 8 | B9: Feb | C9: R4 | D9: Chennai | E9: 6 | F9: 7 | G9: =INDEX(routes!$C$2:$C$5,MATCH(C9,routes!$A$2:$A$5,0)) -> Standard | H9: =MAX(F9-E9,0) -> 1 | I9: 2
A10: 9 | B10: Mar | C10: R1 | D10: Delhi | E10: 2 | F10: 8 | G10: =INDEX(routes!$C$2:$C$5,MATCH(C10,routes!$A$2:$A$5,0)) -> Express | H10: =MAX(F10-E10,0) -> 6 | I10: 3
A11: 10 | B11: Mar | C11: R2 | D11: Mumbai | E11: 3 | F11: 5 | G11: =INDEX(routes!$C$2:$C$5,MATCH(C11,routes!$A$2:$A$5,0)) -> Express | H11: =MAX(F11-E11,0) -> 2 | I11: 3
A12: 11 | B12: Mar | C12: R3 | D12: Chennai | E12: 5 | F12: 5 | G12: =INDEX(routes!$C$2:$C$5,MATCH(C12,routes!$A$2:$A$5,0)) -> Standard | H12: =MAX(F12-E12,0) -> 0 | I12: 3
A13: 12 | B13: Mar | C13: R4 | D13: Mumbai | E13: 6 | F13: 15 | G13: =INDEX(routes!$C$2:$C$5,MATCH(C13,routes!$A$2:$A$5,0)) -> Standard | H13: =MAX(F13-E13,0) -> 9 | I13: 3
A17: Total Delay Days
A18: Mumbai | B18: =SUMIFS(CleanDeliveries[[#All],[delay_days]],CleanDeliveries[[#All],[hub]],A18) -> 15
A19: Chennai | B19: =SUMIFS(CleanDeliveries[[#All],[delay_days]],CleanDeliveries[[#All],[hub]],A19) -> 5
A20: Delhi | B20: =SUMIFS(CleanDeliveries[[#All],[delay_days]],CleanDeliveries[[#All],[hub]],A20) -> 14

Sheet Sheet2
A3: Sum of delay_days | B3: Column Labels
A4: Row Labels | B4: Express | C4: Standard | D4: Grand Total
A5: Jan | B5: 1 | C5: 7 | D5: 8
A6: Feb | B6: 3 | C6: 6 | D6: 9
A7: Mar | B7: 8 | C7: 9 | D7: 17
A8: Grand Total | B8: 12 | C8: 22 | D8: 34
